<Book><BookInfo><ID>-1727303976201</ID><Name><![CDATA[]]></Name><BookType>interact_book_hor</BookType><DeviceType>iphone_book</DeviceType><DeviceVersion>null</DeviceVersion><PlatformType>android_platform</PlatformType><Description><![CDATA[]]></Description><HomePageID>-1727303976274</HomePageID><StartPageTime><![CDATA[2]]></StartPageTime><IsLoadSnap>true</IsLoadSnap><IsLoadNavigation>true</IsLoadNavigation><BookFlipType>slider_flip</BookFlipType><BookNavType>threed_navigation_view</BookNavType><BookControllerType>book_view_type</BookControllerType><Proportion>false</Proportion><AndroidAdapterType>KEEPSIZE_SCALE</AndroidAdapterType><IsFree>true</IsFree><BackgroundMusicId>-1727402302080.mp3</BackgroundMusicId><BookMark><IsShowBookMark>false</IsShowBookMark><IsShowBookMarkLabel>true</IsShowBookMarkLabel><BookMarkLablePositon>left|bottom</BookMarkLablePositon><BookMarkLabelHorGap>20</BookMarkLabelHorGap><BookMarkLabelVerGap>20</BookMarkLabelVerGap><BookMarkLabelText><![CDATA[Smart Apps Creator]]></BookMarkLabelText></BookMark><BookWidth>1280</BookWidth><BookHeight>720</BookHeight><ADType>4</ADType><ADPosition>top</ADPosition><ExeStyleType>IOS_STYLE</ExeStyleType><ProductID></ProductID><ReferenceName><![CDATA[]]></ReferenceName><PushID></PushID><ActivePush>false</ActivePush><FullScreen>false</FullScreen><Buttons><Button><X>0</X><Y>0</Y><Width>88</Width><Height>88</Height><Type>home_page_btn</Type><isVisible>true</isVisible><LayoutType>LEFT_TOP</LayoutType><Vergap>0</Vergap><Horgap>0</Horgap><UserDefNav>false</UserDefNav><Source></Source><SelectedSource></SelectedSource></Button><Button><X>1192</X><Y>0</Y><Width>88</Width><Height>88</Height><Type>open_navigate_btn</Type><isVisible>false</isVisible><LayoutType>RIGHT_TOP</LayoutType><Vergap>0</Vergap><Horgap>0</Horgap><UserDefNav>false</UserDefNav><Source></Source><SelectedSource></SelectedSource></Button><Button><X>0</X><Y>316</Y><Width>88</Width><Height>88</Height><Type>pre_page_btn</Type><isVisible>false</isVisible><LayoutType>LEFT_TOP</LayoutType><Vergap>316</Vergap><Horgap>0</Horgap><UserDefNav>false</UserDefNav><Source></Source><SelectedSource></SelectedSource></Button><Button><X>1192</X><Y>316</Y><Width>88</Width><Height>88</Height><Type>next_page_btn</Type><isVisible>false</isVisible><LayoutType>RIGHT_TOP</LayoutType><Vergap>316</Vergap><Horgap>0</Horgap><UserDefNav>false</UserDefNav><Source></Source><SelectedSource></SelectedSource></Button></Buttons></BookInfo><Snapshots><Snapshot> <SnapshotId>-1727306327287.png</SnapshotId><SnapshotWidth>1280</SnapshotWidth><SnapshotHeight>720</SnapshotHeight><PageId>-1727303976249</PageId><PageTitle><![CDATA[]]></PageTitle></Snapshot> <Snapshot> <SnapshotId>-1727406825193.jpg</SnapshotId><SnapshotWidth>426.6666666666667</SnapshotWidth><SnapshotHeight>240</SnapshotHeight><PageId>-1727303976274</PageId><PageTitle><![CDATA[]]></PageTitle></Snapshot> <Snapshot> <SnapshotId>-1727429503181.jpg</SnapshotId><SnapshotWidth>426.6666666666667</SnapshotWidth><SnapshotHeight>240</SnapshotHeight><PageId>-1727304380738</PageId><PageTitle><![CDATA[]]></PageTitle></Snapshot> <Snapshot> <SnapshotId>-1727388788130.jpg</SnapshotId><SnapshotWidth>426.6666666666667</SnapshotWidth><SnapshotHeight>240</SnapshotHeight><PageId>-1727304381571</PageId><PageTitle><![CDATA[]]></PageTitle></Snapshot> <Snapshot> <SnapshotId>-1727388788609.jpg</SnapshotId><SnapshotWidth>426.6666666666667</SnapshotWidth><SnapshotHeight>240</SnapshotHeight><PageId>-1727304382810</PageId><PageTitle><![CDATA[]]></PageTitle></Snapshot> <Snapshot> <SnapshotId>-1727388789078.jpg</SnapshotId><SnapshotWidth>426.6666666666667</SnapshotWidth><SnapshotHeight>240</SnapshotHeight><PageId>-1727304406507</PageId><PageTitle><![CDATA[]]></PageTitle></Snapshot> <Snapshot> <SnapshotId>-1727388789551.jpg</SnapshotId><SnapshotWidth>426.6666666666667</SnapshotWidth><SnapshotHeight>240</SnapshotHeight><PageId>-1727304407465</PageId><PageTitle><![CDATA[]]></PageTitle></Snapshot> <Snapshot> <SnapshotId>-1727388790037.jpg</SnapshotId><SnapshotWidth>426.6666666666667</SnapshotWidth><SnapshotHeight>240</SnapshotHeight><PageId>-1727304408685</PageId><PageTitle><![CDATA[]]></PageTitle></Snapshot> <Snapshot> <SnapshotId>-1727388790530.jpg</SnapshotId><SnapshotWidth>426.6666666666667</SnapshotWidth><SnapshotHeight>240</SnapshotHeight><PageId>-1727304409672</PageId><PageTitle><![CDATA[]]></PageTitle></Snapshot> <Snapshot> <SnapshotId>-1727388791070.jpg</SnapshotId><SnapshotWidth>426.6666666666667</SnapshotWidth><SnapshotHeight>240</SnapshotHeight><PageId>-1727304410934</PageId><PageTitle><![CDATA[]]></PageTitle></Snapshot> <Snapshot> <SnapshotId>-1727388791928.jpg</SnapshotId><SnapshotWidth>426.6666666666667</SnapshotWidth><SnapshotHeight>240</SnapshotHeight><PageId>-1727304411925</PageId><PageTitle><![CDATA[]]></PageTitle></Snapshot> <Snapshot> <SnapshotId>-1727388792403.jpg</SnapshotId><SnapshotWidth>426.6666666666667</SnapshotWidth><SnapshotHeight>240</SnapshotHeight><PageId>-1727304413151</PageId><PageTitle><![CDATA[]]></PageTitle></Snapshot> <Snapshot> <SnapshotId>-1727401977493.jpg</SnapshotId><SnapshotWidth>426.6666666666667</SnapshotWidth><SnapshotHeight>240</SnapshotHeight><PageId>-1727304414114</PageId><PageTitle><![CDATA[]]></PageTitle></Snapshot> <Snapshot> <SnapshotId>-1727388793550.jpg</SnapshotId><SnapshotWidth>426.6666666666667</SnapshotWidth><SnapshotHeight>240</SnapshotHeight><PageId>-1727304415419</PageId><PageTitle><![CDATA[]]></PageTitle></Snapshot> <Snapshot> <SnapshotId>-1727388794023.jpg</SnapshotId><SnapshotWidth>426.6666666666667</SnapshotWidth><SnapshotHeight>240</SnapshotHeight><PageId>-1727304416428</PageId><PageTitle><![CDATA[]]></PageTitle></Snapshot> <Snapshot> <SnapshotId>-1727388794499.jpg</SnapshotId><SnapshotWidth>426.6666666666667</SnapshotWidth><SnapshotHeight>240</SnapshotHeight><PageId>-1727304417698</PageId><PageTitle><![CDATA[]]></PageTitle></Snapshot> <Snapshot> <SnapshotId>-1727388794973.jpg</SnapshotId><SnapshotWidth>426.6666666666667</SnapshotWidth><SnapshotHeight>240</SnapshotHeight><PageId>-1727304418670</PageId><PageTitle><![CDATA[]]></PageTitle></Snapshot> <Snapshot> <SnapshotId>-1727388795448.jpg</SnapshotId><SnapshotWidth>426.6666666666667</SnapshotWidth><SnapshotHeight>240</SnapshotHeight><PageId>-1727304419589</PageId><PageTitle><![CDATA[]]></PageTitle></Snapshot> <Snapshot> <SnapshotId>-1727388796319.jpg</SnapshotId><SnapshotWidth>426.6666666666667</SnapshotWidth><SnapshotHeight>240</SnapshotHeight><PageId>-1727304420491</PageId><PageTitle><![CDATA[]]></PageTitle></Snapshot> <Snapshot> <SnapshotId>-1727388796796.jpg</SnapshotId><SnapshotWidth>426.6666666666667</SnapshotWidth><SnapshotHeight>240</SnapshotHeight><PageId>-1727304421599</PageId><PageTitle><![CDATA[]]></PageTitle></Snapshot> <Snapshot> <SnapshotId>-1727388797269.jpg</SnapshotId><SnapshotWidth>426.6666666666667</SnapshotWidth><SnapshotHeight>240</SnapshotHeight><PageId>-1727304422555</PageId><PageTitle><![CDATA[]]></PageTitle></Snapshot> <Snapshot> <SnapshotId>-1727388797869.jpg</SnapshotId><SnapshotWidth>426.6666666666667</SnapshotWidth><SnapshotHeight>240</SnapshotHeight><PageId>-1727304423691</PageId><PageTitle><![CDATA[]]></PageTitle></Snapshot> <Snapshot> <SnapshotId>-1727388798375.jpg</SnapshotId><SnapshotWidth>426.6666666666667</SnapshotWidth><SnapshotHeight>240</SnapshotHeight><PageId>-1727305899674</PageId><PageTitle><![CDATA[]]></PageTitle></Snapshot> <Snapshot> <SnapshotId>-1727388798850.jpg</SnapshotId><SnapshotWidth>426.6666666666667</SnapshotWidth><SnapshotHeight>240</SnapshotHeight><PageId>-1727345375978</PageId><PageTitle><![CDATA[]]></PageTitle></Snapshot> <Snapshot> <SnapshotId>-1727388799322.jpg</SnapshotId><SnapshotWidth>426.6666666666667</SnapshotWidth><SnapshotHeight>240</SnapshotHeight><PageId>-1727345377227</PageId><PageTitle><![CDATA[]]></PageTitle></Snapshot> <Snapshot> <SnapshotId>-1727388799796.jpg</SnapshotId><SnapshotWidth>426.6666666666667</SnapshotWidth><SnapshotHeight>240</SnapshotHeight><PageId>-1727345378209</PageId><PageTitle><![CDATA[]]></PageTitle></Snapshot> <Snapshot> <SnapshotId>-1727388800269.jpg</SnapshotId><SnapshotWidth>426.6666666666667</SnapshotWidth><SnapshotHeight>240</SnapshotHeight><PageId>-1727345379281</PageId><PageTitle><![CDATA[]]></PageTitle></Snapshot> <Snapshot> <SnapshotId>-1727388800726.jpg</SnapshotId><SnapshotWidth>426.6666666666667</SnapshotWidth><SnapshotHeight>240</SnapshotHeight><PageId>-1727345380471</PageId><PageTitle><![CDATA[]]></PageTitle></Snapshot> <Snapshot> <SnapshotId>-1727388801193.jpg</SnapshotId><SnapshotWidth>426.6666666666667</SnapshotWidth><SnapshotHeight>240</SnapshotHeight><PageId>-1727345381603</PageId><PageTitle><![CDATA[]]></PageTitle></Snapshot> <Snapshot> <SnapshotId>-1727388802044.jpg</SnapshotId><SnapshotWidth>426.6666666666667</SnapshotWidth><SnapshotHeight>240</SnapshotHeight><PageId>-1727345382624</PageId><PageTitle><![CDATA[]]></PageTitle></Snapshot> <Snapshot> <SnapshotId>-1727406826109.jpg</SnapshotId><SnapshotWidth>426.6666666666667</SnapshotWidth><SnapshotHeight>240</SnapshotHeight><PageId>-1727345383607</PageId><PageTitle><![CDATA[]]></PageTitle></Snapshot> </Snapshots><Pages><Page><ID>-1727303976249</ID></Page><Page><ID>-1727303976274</ID></Page><Page><ID>-1727304380738</ID></Page><Page><ID>-1727304381571</ID></Page><Page><ID>-1727304382810</ID></Page><Page><ID>-1727304406507</ID></Page><Page><ID>-1727304407465</ID></Page><Page><ID>-1727304408685</ID></Page><Page><ID>-1727304409672</ID></Page><Page><ID>-1727304410934</ID></Page><Page><ID>-1727304411925</ID></Page><Page><ID>-1727304413151</ID></Page><Page><ID>-1727304414114</ID></Page><Page><ID>-1727304415419</ID></Page><Page><ID>-1727304416428</ID></Page><Page><ID>-1727304417698</ID></Page><Page><ID>-1727304418670</ID></Page><Page><ID>-1727304419589</ID></Page><Page><ID>-1727304420491</ID></Page><Page><ID>-1727304421599</ID></Page><Page><ID>-1727304422555</ID></Page><Page><ID>-1727304423691</ID></Page><Page><ID>-1727305899674</ID></Page><Page><ID>-1727345375978</ID></Page><Page><ID>-1727345377227</ID></Page><Page><ID>-1727345378209</ID></Page><Page><ID>-1727345379281</ID></Page><Page><ID>-1727345380471</ID></Page><Page><ID>-1727345381603</ID></Page><Page><ID>-1727345382624</ID></Page><Page><ID>-1727345383607</ID></Page></Pages><StartPageID>-1727303976249</StartPageID><Sections><Section><ID>-1727303976306</ID><Name>mpi</Name><isReverseSize>false</isReverseSize><isNeedPaid>false</isNeedPaid><Pages><Page>-1727303976274</Page><Page>-1727304380738</Page><Page>-1727304381571</Page><Page>-1727305899674</Page><Page>-1727304382810</Page><Page>-1727304406507</Page><Page>-1727304407465</Page><Page>-1727304408685</Page><Page>-1727304409672</Page><Page>-1727304410934</Page><Page>-1727304411925</Page><Page>-1727304413151</Page><Page>-1727304414114</Page><Page>-1727304415419</Page><Page>-1727304416428</Page><Page>-1727304417698</Page><Page>-1727304418670</Page><Page>-1727304419589</Page><Page>-1727304420491</Page><Page>-1727304421599</Page><Page>-1727304422555</Page><Page>-1727304423691</Page><Page>-1727345375978</Page><Page>-1727345377227</Page><Page>-1727345378209</Page><Page>-1727345379281</Page><Page>-1727345380471</Page><Page>-1727345381603</Page><Page>-1727345382624</Page><Page>-1727345383607</Page></Pages></Section></Sections></Book>